STATS|INFO|Job Started :2019-01-07 20:43:47|2019-01-07 20:43:47|local-1546911354795
SPARKAPP|INFO|Spark application id :local-1546911354795|2019-01-07 20:43:47|local-1546911354795
INFO|INFO|CDC Calculation Started|2019-01-07 20:43:47|local-1546911354795
STATS|INFO|Job Completed :2019-01-07 20:43:47|2019-01-07 20:43:47|local-1546911354795
PROCESS|INFO|CDC STARTED FOR :src//main//resources//baseline//deltainsurance.csv|2019-01-07 20:43:47|local-1546911354795
PROCESS|INFO|CDC STARTED FOR :src//main//resources//daily//IUD.csv|2019-01-07 20:43:47|local-1546911354795
QUERY|INFO|QUERY TO GET COLUMNS, HASHKEYS : select distinct pol_no,state,county,premium1,premium2,insur_type,isur_detail,updt_tm,record_modifier,run_id,updated_run_id,last_modified_timestamp,sha1(concat(coalesce(trim(state),'null'),coalesce(trim(county),'null'),nvl2(premium1,cast(premium1 as double),cast('premium1' as String)),nvl2(premium2,cast(premium2 as double),cast('premium2' as String)),coalesce(trim(insur_type),'null'),coalesce(trim(isur_detail),'null'),cast(coalesce(updt_tm,'null') as string))) as nonkeyhash,sha1(concat(cast(coalesce(pol_no,'null') as string))) as keyhash from global_temp.daily_stg|2019-01-07 20:43:47|local-1546911354795
QUERY|INFO|QUERY TO GET COLUMNS, HASHKEYS : select distinct pol_no,state,county,premium1,premium2,insur_type,isur_detail,updt_tm,run_id,updated_run_id,last_modified_timestamp,sha1(concat(coalesce(trim(state),'null'),coalesce(trim(county),'null'),nvl2(premium1,cast(premium1 as double),cast('premium1' as String)),nvl2(premium2,cast(premium2 as double),cast('premium2' as String)),coalesce(trim(insur_type),'null'),coalesce(trim(isur_detail),'null'),cast(coalesce(updt_tm,'null') as string))) as nonkeyhash,sha1(concat(cast(coalesce(pol_no,'null') as string))) as keyhash from global_temp.base_stg|2019-01-07 20:43:47|local-1546911354795
QUERY|INFO|QUERY TO GET DUPLICATES :select count(*) as record_count,pol_no from global_temp.dailytable group by pol_no having count(*) > 1|2019-01-07 20:43:47|local-1546911354795
STATS|INFO|DUPLICATE RECORD COUNT :0|2019-01-07 20:43:47|local-1546911354795
STATS|INFO|Base file record count:10|2019-01-07 20:43:47|local-1546911354795
STATS|INFO|Daily file record count :11|2019-01-07 20:43:47|local-1546911354795
STATS|INFO|Insert record count :1|2019-01-07 20:43:47|local-1546911354795
STATS|INFO|Updated record count :1|2019-01-07 20:43:47|local-1546911354795
STATS|INFO|Deleted record count : 1|2019-01-07 20:43:47|local-1546911354795
STATS|INFO|Unchanged record count : 8|2019-01-07 20:43:47|local-1546911354795
STATS|INFO|Delta record count :3|2019-01-07 20:43:47|local-1546911354795
STATS|INFO|New Baseline record count:10|2019-01-07 20:43:47|local-1546911354795
STATS|INFO|Job Completed :2019-01-07 20:46:44|2019-01-07 20:43:47|local-1546911354795
INFO|INFO|Successfully Completed CDC|2019-01-07 20:43:47|local-1546911354795
