{
  "cdc-hadoop-table-description": {
    "source_system": "elip",
    "table_name": "insurance",
    "table_desc": "empty",
    "delimiter": "~",
    "keys": ["policyID"],
    "fields": [
      {
        "field": {
          "field_name": "policyID",
          "field_type": "int",
          "field_length": "0",
          "field_desc": "empty"
        }
      },
      {
        "field": {
          "field_name": "statecode",
          "field_type": "string",
          "field_length": "0",
          "field_desc": "empty"
        }
      },
      {
        "field": {
          "field_name": "county",
          "field_type": "string",
          "field_length": "0",
          "field_desc": "empty"
        }
      },
      {
        "field": {
          "field_name": "eq_site_limit",
          "field_type": "integer",
          "field_length": "0",
          "field_desc": "empty"
        }
      },
      {
        "field": {
          "field_name": "hu_site_limit",
          "field_type": "integer",
          "field_length": "0",
          "field_desc": "empty"
        }
      },
      {
        "field": {
          "field_name": "line",
          "field_type": "string",
          "field_length": "0",
          "field_desc": "empty"
        }
      },
      {
        "field": {
          "field_name": "construction",
          "field_type": "string",
          "field_length": "0",
          "field_desc": "empty"
        }
      }
    ]
  }
}