<?xml version="1.0" encoding="UTF-8"?>
<cdc-hadoop-table-description>
 <source_system>elip</source_system>
 <table_name>insurance</table_name>
 <table_desc>empty</table_desc>
 <delimiter>~</delimiter>
  <keys>
  <key>policyID</key>
 </keys>
    <fields>
	 <field>
		<field_name>policyID</field_name>
		<field_type>int</field_type>
        <field_length>0</field_length>
        <field_desc>empty</field_desc>
	  </field>
	</fields>
	<fields>
	 <field>
		<field_name>statecode</field_name>
		<field_type>string</field_type>
        <field_length>0</field_length>
        <field_desc>empty</field_desc>
	  </field>
	</fields>
	<fields>
	   <field>
		<field_name>county</field_name>
	    <field_type>string</field_type>
		<field_length>0</field_length>
		<field_desc>empty</field_desc>
	   </field>		
	</fields>
	<fields>
	  <field>
		<field_name>eq_site_limit</field_name>
        <field_type>integer</field_type>
        <field_length>0</field_length>
        <field_desc>empty</field_desc>
	  </field>
	</fields>
	<fields>
	  <field>
		<field_name>hu_site_limit</field_name>
		<field_type>integer</field_type>
		<field_length>0</field_length>
		<field_desc>empty</field_desc>
	  </field>
	</fields>
	<fields>
	   <field>
		<field_name>line</field_name>
		<field_type>string</field_type>
		<field_length>0</field_length>
		<field_desc>empty</field_desc>
	   </field> 
	</fields>
	<fields>
	   <field>
		<field_name>construction</field_name>
		<field_type>string</field_type>
		<field_length>0</field_length>
		<field_desc>empty</field_desc>
	   </field> 		
	</fields>
</cdc-hadoop-table-description>