{
  "Common" : {
    "sourceSystem" : "dss",
    "stage" : "Ingestion/Staging/CDC1/Tramsformation/CDC2/Provisioning",
    "category" : "provider",
    "frequency" : "daily",
    "desc": "true",
    "matching" : {
      "CDC" : true,
      "cdcinputfileformat" :"avro",
      "CDCType" : "Type1",
      "comparisontype" : "delta",
      "baselineinputpath"  : "src//main//resources//baseline//base",
      "deltainputpath" : "src//main//resources//daily//daily_f",
      "archivelocation" : "C://Users//pmaremal//IdeaProjects//cdccalculation//baseline",
      "keyColumns" : ["producer_party_id"],
      "matchColumns" : ["producer_effective_date","host_producer_number","producer_id","NIPR_PDB_last_lookup_date","termination_date","enable_dtcc_lna_transaction_indicator","src_termination_reason_code","termination_reason_code","src_termination_reason_code_description","termination_reason_code_description","death_date","dba_full_name","associated_firm_id","central_registration_depository_id","effective_date","expiration_date","src_producer_party_type_code","producer_party_type_code","src_producer_party_type_code_description","producer_party_type_code_description","full_name","first_name","middle_name","last_name","suffix","title","government_id","src_government_id_type","government_id_type","src_government_id_type_description","government_id_type_description","src_gender_code","gender_code","src_gender_code_description","gender_code_description","birth_date","npn_number","src_producer_status_code","producer_status_code","src_producer_status_code_description","producer_status_code_description","src_terminated_with_cause","terminated_with_cause","src_terminated_with_cause_description","terminated_with_cause_description","src_producer_type_code","producer_type_code","src_producer_type_code_description","producer_type_code_description","src_originating_system_code","originating_system_code","src_originating_system_code_description","originating_system_code_description","src_system_id"],
      "outputfileformat" : "avro",
      "outputgenerationtype" :"All files",
      "baseline" :"C://Users//pmaremal//IdeaProjects//current//baseline",
      "inserts" :"C://Users//pmaremal//IdeaProjects//current//delta//insert",
      "updates": "C://Users//pmaremal//IdeaProjects//current//delta//updates",
      "deletes" :"C://Users//pmaremal//IdeaProjects//current//delta//deletes",
      "delta" : "C://Users//pmaremal//IdeaProjects//current//delta//deltafile",
      "duplicates" : "C://Users//pmaremal//IdeaProjects//current//delta//duplicatesfile",
      "deleteidentifiercolumn" : "record_modifier",
      "deleteflag" : "D",
      "delboolean" :true,
      "cdclogs" :{
        "detailedlogs" :"C://Users//pmaremal//IdeaProjects//current//logs_",
        "statlogs": "C://Users//pmaremal//IdeaProjects//current//statsinfo"
      }
    },
    "KeyGeneration" :[
      { "generateKeys": "true/false",
        "relationships" : [
          {
            "relationship": {
              "relationWith" : "producer",
              "sourceSystem":"dss",
              "desc":"",
              "keyColumns":["id","name"],
              "keyType" : "HashKey",
              "keyAlgorithm" : "md5"
            },
            "relationship": {
              "relationWith" : "agent",
              "sourceSystem":"dss",
              "desc":"",
              "keyColumns":["agentid","agnecyid"],
              "keyType" : "HashKey",
              "keyAlgorithm" : "md5"
            }
          }
        ]
      }
    ]
  ,
    "auditColumns" : [
      {
        "auditColumn" : {
          "columnName": "runid",
          "columnType" : "Long",
          "columnFormat" :"",
          "columnLength" : 10,
          "precision" :"",
          "nullable" :"",
          "defaultValue" :"",
          "desc" : "Run id for specific day run"
        },
        "auditColumn" : {
          "columnName": "jobrundate",
          "columnType" : "TimeStamp",
          "columnFormat" :"MM/dd/yyyy HH:MI:SS.SSS",
          "columnLength":"" ,
          "precision" :"",
          "nullable" :"",
          "defaultValue" :"",
          "desc" : "Run timestamp for specific run"
        }

      }
    ],
    "partitions" : [
      {
        "partition" :
        {
          "paritionName" : "jobrun",
          "partitionOn" : ["jobdate","runid"],
          "sub-partitions" :[{
            "sub-partitionOn" : ["jobstatus"]
          }]
        }
      }
    ],
    "compression" : "y",
    "compressionCodec" : "snappy",
    "archivePreviousData" : "true/false",
    "archiveCompressionCodec" : "gzip/snappy"
  },






  "Inputs":{
      "Input" : {
        "inputProperties": {
          "inputType": "delimited/positional/xml/json/avro/parquet",
          "desc" :"",
          "inuptName" : "Test",
          "rowSeparator" : "\n",
          "delimeter" : "|",
          "hasHeader" : "true/false",
          "skipHeaderRows":"",
          "skipTrailerRows":"",
          "textEnclouser": " or ",
          "skipEmptyRows" : "true/false",
          "schemaCheck": "true/false",
          "dieOnError" : "tru/false",
          "escapeChar":"",
          "encoding" : "UTF8",
          "inputLocation": "C:\\Users\\sjuturu\\IdeaProjects\\Stage_test_v1\\resources\\sample1",
          "inputFileName" : "",
          "schmeaFileLocation":"",
          "schemaFileName" :"",
          "schema": {
            "column" : {
              "columnName": "pol_no",
              "columnType" : "Integer",
              "columnFormat" :"#,##",
              "columnLength" : 10,
              "precision" :"",
              "nullable" :"",
              "defaultValue" :"",
              "desc" : "Run timestamp for specific run"
            },
            "column" : {
              "columnName": "state",
              "columnType" : "String",
              "columnFormat" : "" ,
              "columnLength" : 10,
              "precision" :"",
              "nullable" :"",
              "defaultValue" :"",
              "desc" : "Run timestamp for specific run"
            },
            "column" : {
              "columnName": "county",
              "columnType" : "String",
              "columnFormat" : "" ,
              "columnLength" : 10,
              "precision" :"",
              "nullable" :"",
              "defaultValue" :"",
              "desc" : "Run timestamp for specific run"
            },
            "column" : {
              "columnName": "premium1",
              "columnType" : "double",
              "columnFormat" : "" ,
              "columnLength" : 10,
              "precision" :"",
              "nullable" :"",
              "defaultValue" :"",
              "desc" : "Run timestamp for specific run"
            },
            "column" : {
              "columnName": "premium2",
              "columnType" : "double",
              "columnFormat" : "" ,
              "columnLength" : 10,
              "precision" :"",
              "nullable" :"",
              "defaultValue" :"",
              "desc" : "Run timestamp for specific run"
            },
            "column" : {
              "columnName": "isur_detail",
              "columnType" : "String",
              "columnFormat" : "" ,
              "columnLength" : 10,
              "precision" :"",
              "nullable" :"",
              "defaultValue" :"",
              "desc" : "Run timestamp for specific run"
            },
            "column" : {
              "columnName": "updt_tm",
              "columnType" : "TimeStamp",
              "columnFormat" :"yyyy-MM-dd HH:MI:SS.SSS",
              "columnLength":"",
              "precision" :"",
              "nullable" :"",
              "defaultValue" :"",
              "autoGenerate" : "true/false",
              "desc" : "Run timestamp for specific run"
            }

          }
        }
      }
    },
  "Outputs": {
    "Output": {
      "outputProperties": {
        "outputType": "delimited/positional/xml/json/avro/parquet",
        "desc": "",
        "outputName": "Test",
        "rowSeparator": "\n",
        "delimeter": "|",
        "includeHeader": "true/false",
        "textEnclouser": " or ",
        "dieOnError": "tru/false",
        "encoding": "UTF8",
        "outputLocation": "C:\\Users\\sjuturu\\IdeaProjects\\Stage_test_v1\\resources\\sample1",
        "outputFileName": "",
        "schmeaFileLocation": "",
        "schemaFileName": "",
        "schema": {
          "column": {
            "columnName": "Id",
            "columnType": "Integer",
            "columnFormat": "#,##",
            "columnLength": 10,
            "precision": 8,
            "nullable": "yes",
            "defaultValue": "yes",
            "paddingChar": "yes",
            "alignment": "left/right/center",
            "desc": "Run timestamp for specific run"
          }

        }
      }
    }
  }
}
