{
  "Common" : {
    "sourceSystem" : "dss",
    "stage" : "Ingestion/Staging/CDC1/Tramsformation/CDC2/Provisioning",
    "category" : "provider",
    "frequency" : "daily",
    "desc": "true",
    "matching" : {
      "CDC" : true,
      "baselinefileformat": "csv",
      "inputfileformat" : "csv",
      "cdcType" : "Type1",
      "comparisontype" : "delta",
      "compareinputpath"  : "src//main//resources//daily//IUD.csv",
      "archivelocation" : "/Users/manish/sparkproject/cdcframework_revamped/cdccalculation/baseline",
      "keyColumns" : ["pol_no"],
      "matchColumns" : ["state","county","premium1","premium2","insur_type","isur_detail","updt_tm"],
      "outputfileformat" : "csv",
      "outputgenerationtype" :"All files",
      "baseline" :"src//main//resources//baseline//deltainsurance.csv",
      "inserts" :"/Users/manish/sparkproject/cdcframework_revamped/current/delta/insert",
      "updates": "/Users/manish/sparkproject/cdcframework_revamped/current/delta/updates",
      "deletes" :"/Users/manish/sparkproject/cdcframework_revamped/current/delta/deletes",
      "delta" : "/Users/manish/sparkproject/cdcframework_revamped/current/delta/deltafile",
      "duplicates" : "/Users/manish/sparkproject/cdcframework_revamped/current/delta/duplicatesfile",
      "deleteidentifiercolumn" : "record_modifier",
      "deleteflag" : "D",
      "delboolean" :true,
      "fullCycle" : false,
      "handleRunId":{
        "handle":true,
        "runidColumn":"run_id",
        "updatedrunidColumn":"updated_run_id",
        "jobrunColumn":"last_modified_timestamp"
      },
      "handingDuplicates": {
        "continueonDuplicates": true,
        "duplicateProcessingStrategy":"ignore"
      },
      "cdclogs" :{
        "detailedlogs" :"/Users/manish/sparkproject/cdcframework_revamped/current/logs_",
        "statlogs": "/Users/manish/sparkproject/cdcframework_revamped/current/statsinfo"
      },
      "stagingLocation":{
        "baseline_stg":"/Users/manish/sparkproject/cdcframework_revamped/current/",
        "daily_stg":"/Users/manish/sparkproject/cdcframework_revamped/current/"
      }

    },
    "KeyGeneration" :[
      { "generateKeys": "true/false",
        "relationships" : [
          {
            "relationship": {
              "relationWith" : "producer",
              "sourceSystem":"dss",
              "desc":"",
              "keyColumns":["id","name"],
              "keyType" : "HashKey",
              "keyAlgorithm" : "md5"
            },
            "relationship": {
              "relationWith" : "agent",
              "sourceSystem":"dss",
              "desc":"",
              "keyColumns":["agentid","agnecyid"],
              "keyType" : "HashKey",
              "keyAlgorithm" : "md5"
            }
          }
        ]
      }
    ]
  ,
    "auditColumns" : [
      {
        "auditColumn" : {
          "columnName": "runid",
          "columnType" : "Long",
          "columnFormat" :"",
          "columnLength" : 10,
          "precision" :"",
          "nullable" :"",
          "defaultValue" :"",
          "desc" : "Run id for specific day run"
        },
        "auditColumn" : {
          "columnName": "jobrundate",
          "columnType" : "TimeStamp",
          "columnFormat" :"MM/dd/yyyy HH:MI:SS.SSS",
          "columnLength":"" ,
          "precision" :"",
          "nullable" :"",
          "defaultValue" :"",
          "desc" : "Run timestamp for specific run"
        }

      }
    ],
    "partitions" : [
      {
        "partition" :
        {
          "paritionName" : "jobrun",
          "partitionOn" : ["jobdate","runid"],
          "sub-partitions" :[{
            "sub-partitionOn" : ["jobstatus"]
          }]
        }
      }
    ],
    "compression" : "y",
    "compressionCodec" : "snappy",
    "archivePreviousData" : "true/false",
    "archiveCompressionCodec" : "gzip/snappy"
  },

  "Inputs":{
      "Input" : {
        "inputProperties": {
          "inputType": "delimited/positional/xml/json/avro/parquet",
          "desc" :"",
          "inuptName" : "Test",
          "rowSeparator" : "\n",
          "delimeter" : "|",
          "hasHeader" : "true/false",
          "skipHeaderRows":"",
          "skipTrailerRows":"",
          "textEnclouser": " or ",
          "skipEmptyRows" : "true/false",
          "schemaCheck": "true/false",
          "dieOnError" : "tru/false",
          "escapeChar":"",
          "encoding" : "UTF8",
          "inputLocation": "C:\\Users\\sjuturu\\IdeaProjects\\Stage_test_v1\\resources\\sample1",
          "inputFileName" : "",
          "schmeaFileLocation":"",
          "schemaFileName" :"",
          "schema": {
            "column" : {
              "columnName": "pol_no",
              "columnType" : "Integer",
              "columnFormat" :"#,##",
              "columnLength" : 10,
              "precision" :"",
              "nullable" :"",
              "defaultValue" :"",
              "desc" : "Run timestamp for specific run"
            },
            "column" : {
              "columnName": "state",
              "columnType" : "String",
              "columnFormat" : "" ,
              "columnLength" : 10,
              "precision" :"",
              "nullable" :"",
              "defaultValue" :"",
              "desc" : "Run timestamp for specific run"
            },
            "column" : {
              "columnName": "county",
              "columnType" : "String",
              "columnFormat" : "" ,
              "columnLength" : 10,
              "precision" :"",
              "nullable" :"",
              "defaultValue" :"",
              "desc" : "Run timestamp for specific run"
            },
            "column" : {
              "columnName": "premium1",
              "columnType" : "double",
              "columnFormat" : "" ,
              "columnLength" : 10,
              "precision" :"",
              "nullable" :"",
              "defaultValue" :"",
              "desc" : "Run timestamp for specific run"
            },
            "column" : {
              "columnName": "premium2",
              "columnType" : "double",
              "columnFormat" : "" ,
              "columnLength" : 10,
              "precision" :"",
              "nullable" :"",
              "defaultValue" :"",
              "desc" : "Run timestamp for specific run"
            },
            "column" : {
              "columnName": "isur_detail",
              "columnType" : "String",
              "columnFormat" : "" ,
              "columnLength" : 10,
              "precision" :"",
              "nullable" :"",
              "defaultValue" :"",
              "desc" : "Run timestamp for specific run"
            },
            "column" : {
              "columnName": "updt_tm",
              "columnType" : "TimeStamp",
              "columnFormat" :"yyyy-MM-dd HH:MI:SS.SSS",
              "columnLength":"",
              "precision" :"",
              "nullable" :"",
              "defaultValue" :"",
              "autoGenerate" : "true/false",
              "desc" : "Run timestamp for specific run"
            }

          }
        }
      }
    },
  "Outputs": {
    "Output": {
      "outputProperties": {
        "outputType": "delimited/positional/xml/json/avro/parquet",
        "desc": "",
        "outputName": "Test",
        "rowSeparator": "\n",
        "delimeter": "|",
        "includeHeader": "true/false",
        "textEnclouser": " or ",
        "dieOnError": "tru/false",
        "encoding": "UTF8",
        "outputLocation": "C:\\Users\\sjuturu\\IdeaProjects\\Stage_test_v1\\resources\\sample1",
        "outputFileName": "",
        "schmeaFileLocation": "",
        "schemaFileName": "",
        "schema": {
          "column": {
            "columnName": "Id",
            "columnType": "Integer",
            "columnFormat": "#,##",
            "columnLength": 10,
            "precision": 8,
            "nullable": "yes",
            "defaultValue": "yes",
            "paddingChar": "yes",
            "alignment": "left/right/center",
            "desc": "Run timestamp for specific run"
          }

        }
      }
    }
  }
}
