{
  "Outputs": {
    "Output": {
      "outputProperties": {
        "outputType": "parquet",
        "schema": {
          "column": [
            {
              "columnName": "agent_contract_id",
              "columnType": "string",
              "columnFormat": "na",
              "columnLength": 0,
              "precision": 0,
              "nullable": "na",
              "defaultValue": "na",
              "autoGenerate": "na",
              "desc": "na"
            },
            {
              "columnName": "producer_party_id",
              "columnType": "string",
              "columnFormat": "na",
              "columnLength": 0,
              "precision": 0,
              "nullable": "na",
              "defaultValue": "na",
              "autoGenerate": "na",
              "desc": "na"
            }
          ]
        }
      }
    }
  }
}
