{
  "strategy":
  {
    "strategyCriteria":
    {
      "strategyName" : "BASISSPREAD",

      "legs" :
      {
        "numberOfLegs" : 2,
        "legNames"  :["Primary","Secondary"],
        "intraLegRules" : "L2_Strike_LessThan_L1_Strike"
      },
      "matchingFields" : ["TradeDate","SourceName","Trader","Book","Counterparty",
                          "Instrument","InsrumentType","InsrumentSubType","InstrumentStartDate",
                          "TradeCurrency","Broker","Notional","ExpiryDate"],
      "nonMatchingFields" : ["TradeDealId","Strike"],
      "tolerance" : [{"toleranceField" :"tradeRef" , "tolerance":20}]
    }
  }
}