record_modifier,pol_no,state,county,premium1,premium2,insur_type,isur_detail,updt_tm
U,448094,FL,CLAY COUNTY,1322376.3,1322376.3,Residential,Masonry,2016-06-03T09:57:54.973-04:00
U,142071,FL,CLAY COUNTY1,705600.0,705600.0,Residential,Masonry,2016-06-02T09:57:54.973-04:00
U,995932,FL,CLAY COUNTY,1.0,1.926E7,Commercial,Reinforced Concrete,2016-06-02T09:57:54.973-04:00
U,785275,FL,CLAY COUNTY1,0.0,515035.62,Residential,Masonry,2016-06-02T09:57:54.973-04:00
U,433512,FL,CLAY COUNTY,315000.0,31500.0,Residential,Wood,2016-06-02T09:57:54.973-04:00
U,223488,FL,CLAY COUNTY,32850.0,328500.0,Residential1,Wood,2016-06-02T09:57:54.973-04:00
I,894922,FL,CLAY COUNTY,0.0,24059.09,Residential,Wood,2016-06-02T09:57:54.973-04:00
I,582721,FL,CLAY COUNTY,0.0,28869.12,Residential,Wood,2016-06-02T09:57:54.973-04:00
I,422834,FL,CLAY COUNTY,0.0,48115.94,Residential,Wood,2016-06-02T09:57:54.973-04:00
I,253816,FL,CLAY COUNTY,831498.3,831498.3,Residential,Masonry,2016-06-02T09:57:54.973-04:00
D,206893,FL,CLAY COUNTY,190724.4,190724.4,Residential,Wood,2016-06-02T09:57:54.973-04:00
D,172534,FL,CLAY COUNTY,0.0,254281.5,Residential,Wood,2016-06-02T09:57:54.973-04:00