pol_no,state,county,premium1,premium2,insur_type,isur_detail,updt_tm,run_id,updated_run_id,last_modified_timestamp
119736,FL,CLAY COUNTY,498960,498960,Residential,Masonry,2016-06-02 09:57:54.973,1,1,2016-06-02 09:57:54.973
448094,FL,CLAY COUNTY,1322376.3,1322376.3,Residential, Masonry,2016-06-02 09:57:54.973,1,1,2016-06-02 09:57:54.973
206893,FL,CLAY COUNTY,190724.4,190724.4,Residential,Wood,2016-06-02 09:57:54.973,1,1,2016-06-02 09:57:54.973
333743,FL,CLAY COUNTY,0,79520.76,Residential,Wood,2016-06-02 09:57:54.973,1,1,2016-06-02 09:57:54.973
172534,FL,CLAY COUNTY,0,254281.5,Residential,Wood,2016-06-02 09:57:54.973,1,1,2016-06-02 09:57:54.973
785275,FL,CLAY COUNTY,0,515035.62,NULL,Masonry,2016-06-02 09:57:54.973,1,1,2016-06-02 09:57:54.973
995932,FL,CLAY COUNTY,0,,Commercial,Reinforced Concret,2016-06-02 09:57:54.973,1,1,2016-06-02 09:57:54.973
223489,FL,CLAY COUNTY,328500,328500,Residential,Wood,2016-06-02 09:57:54.973,1,1,2016-06-02 09:57:54.973
433512,FL,CLAY COUNTY,3150,3150,Residential,Wood,2016-06-02 09:57:54.973,1,1,2016-06-02 09:57:54.973
142071,FL,,705600,705600,Residential,Masonry,2016-06-02 09:57:54.973,1,1,2016-06-02 09:57:54.973
142072,FL,CLAY COUNTY,705600,705600,Residential,Masonry,2016-06-02 09:57:54.973,1,1,2016-06-02 09:57:54.973