pol_no,state,county,premium1,premium2,insur_type,isur_detail,updt_tm
119736,FL,CLAY COUNTY,498960,498960,Residential,Masonry,2016-06-02 09:57:54
448094,FL,CLAY COUNTY,1322376.3,1322376.3,Residential,Masonry,2016-06-03 09:57:54
333743,FL,CLAY COUNTY,0,79520.76,Residential,Wood,2016-06-02 09:57:54
785275,FL,CLAY COUNTY1,0,515035.62,Residential,Masonry,2016-06-02 09:57:54
223488,FL,CLAY COUNTY,32850,3285,Residential1,Wood,2016-06-02 09:57:54
433512,FL,CLAY COUNTY,315000,31500,Residential,Wood,2016-06-02 09:57:54
142071,FL,CLAY COUNTY1,705600,7056000,Residential,Masonry,2016-06-02 09:57:54
894922,FL,CLAY COUNTY,0,24059.09,Residential,Wood,2016-06-02 09:57:54
422834,FL,CLAY COUNTY,0,48115.94,Residential,Wood,2016-06-02 09:57:54
12345645789,FL,CLAY COUNTY,0,48115.94,Residential,Wood,2016-06-02 09:57:54