pol_no,state,county,premium1,premium2,insur_type,isur_detail,updt_tm,run_id,updated_run_id,last_modified_timestamp
433512,FL,CLAY COUNTY,3150,3150,Residential,Wood,2016-06-02 09:57:54.973,2,2,2016-06-02 09:57:54.973
995932,FL,CLAY COUNTY,0,null,Commercial,Reinforced Concret,2016-06-02 09:57:54.973,2,2,2016-06-02 09:57:54.973
142071,FL, null,705600,705600,Residential,Masonry,2016-06-02 09:57:54.973,2,2,2016-06-02 09:57:54.973
785275,FL,CLAY COUNTY,0,515035.62,NULL,Masonry,2016-06-02 09:57:54.973,2,2,2016-06-02 09:57:54.973
223489,FL,CLAY COUNTY,328500,328500,Residential,Wood,2016-06-02 09:57:54.973,2,2,2016-06-02 09:57:54.973