TRADINGENTITY,BOOKINGENTITY,FEE_RECEIVER_TRADING_ENTITY,FEE_RECEIVER_BILLING_ENTITY,TRADE_REFERENCE,TRADESTATUS,TRADE_DATE,COUNTERPARTY,COUNTERPARTYLOCATION,TRANSACTIONTYPEPRODUCT,EXECUTION_METHOD,BOOKEDFEECURRENCY,BOOKEDFEEAMOUNT,BROKERFEETYPE,LINKTRADEREFERENCE,STRATEGYTYPE,PORTFOLIO,GOP,INSTRUMENTTYPE,INSTRUMENTREFERENCE,INSTRUMENTLABEL,INSTRUMENTCATEGORY,INSTRUMENTMARKETEXCHANGE,INSTRUMENTCURRENCY,INSTRUMENTSTARTDATE,INSTRUMENTENDDATE,INSTRUMENTTRADETIME,INSTRUMENTTYPEOFEXERCISE,DIRECTION,STRIKE,PREMIUM,NUMBEROFLOTS,UNDERLYINGTYPE,UNDERLYINGISINCODE,UNDERLYINGLABEL,UNDERLYINGCATEGORY,UNDERLYINGMARKETEXCHANGE,UNDERLYINGCOUNTRY,UNDERLYINGCURRENCY,UNDERLYINGNOTIONAL,OBJECTMNEMONIC,MARKETCODE,CLOSEPRICE,UNDERLYINGCODETYPE,MULTIPLIER,REGION,INVOICECHECK,BUY_CURR,SELL_CURR,TRADE_MINOR_NOTIONAL,AMOUNT_IN_SELL_CURR,STRATEGY_ID,PAY_RECEIVE,SOURCE_NAME,TRADE_DEAL_ID,PAYMENT_FREQ_LEG1,PAYMENT_FREQ_LEG2,FLOATING_INDEX_LEG_2
Manish_PLC,40034903,,Intercapital Limited,21107593,Active,5/4/2015,40014593,,,VOICE,,,,,,4655835,BOOK2888,SimpleIRSwap,InterestRateSwap,,InterestRateSwap,,,3/4/2015,3/4/2055,15:53:08,,,2.3025,,,,,,,,,GBP,10000000,,,,,,,,GBP,GBP,10000000,10000000,,Pay,Barclay_IRS,L1391BAA,"6M ","6M ",GBP-LIBOR-BBA
Manish_PLC,40034903,,Intercapital Limited,21125369,Active,5/12/2015,10000506,,,VOICE,,,,,,44278267,BOOK2038,SimpleIRSwap,InterestRateSwap,,InterestRateSwap,,,3/16/2015,3/16/2019,10:15:04,,,-0.066,,,,,,,,,EUR,397600000,,,,,,,,EUR,EUR,397600000,397600000,,Pay,Barclay_IRS,L13ACA9C,"1Y ","1Y ",EUR-EONIA-OIS-COMPOUND
Manish_PLC,40034903,,Intercapital Limited,21125371,Active,5/12/2015,10000506,,,VOICE,,,,20150312-002392,BasisSwap,44278267,BOOK2038,SimpleIRSwap,InterestRateSwap,,InterestRateSwap,,,3/16/2015,3/16/2019,10:15:59,,,0.088,,,,,,,,,EUR,397600000,,,,,,,,EUR,EUR,397600000,397600000,,Receive,Barclay_IRS,L13ACADB,"1Y ","3M ",EUR-EURIBOR-Reuters
Manish_PLC,40034903,,Intercapital Limited,21109176,Active,5/4/2015,10200531,,,VOICE,,,,L1392715,Straddle,49641637,BOOK2437,SimpleIRSwap,Swaption,,Swaption,,,3/6/2025,3/6/2026,13:06:59,,,1.425,1,,,,,,,,EUR,150000000,,,,,,,,EUR,EUR,150000000,150000000,Straddle,Receive,Barclay_IRS,L1392709,"1Y ","3M ",EUR-EURIBOR-Reuters
Manish_PLC,40034903,,Intercapital Limited,21126128,Active,5/12/2015,40012897,,,VOICE,,,,,,44371682,BOOK2653,MTMCrossCurrencyIRSwap,InterestRateSwap,,InterestRateSwap,,,3/16/2015,3/16/2025,14:47:33,,,0,,,,,,,,,EUR,5000000,,,,,,,,EUR,EUR,5000000,5000000,,Pay,Barclay_IRS,L13ADBC1,"3M ","3M ",USD-LIBOR-BBA